Workbook

Sheet 0_Scorecard
A1: Karnataka State E-Waste Management Scorecard
A2: Live score out of 100, calculated from the 7 data sheets. Set benchmarks in the yellow 'Target/Benchmark' cells.
A4: STATE SCORE | B4: =G15 -> 61.4 | D4: =IF(B4>=85,"EXCELLENT",IF(B4>=65,"GOOD",IF(B4>=45,"NEEDS IMPROVEMENT","CRITICAL"))) -> NEEDS IMPROVEMENT
A7: # | B7: Category | C7: Weight | D7: Benchmark / Target | E7: Achieved Value | F7: Achievement % | G7: Score Earned
A8: 1 | B8: Generation & Inventory | C8: 15 | D8: 274087 | E8: 274087 | F8: 1 | G8: 15
A9: 2 | B9: Collection Performance | C9: 20 | D9: 1 | E9: 0.707 | F9: 0.707 | G9: 12.4
A10: 3 | B10: Formal Recycling & Treatment | C10: 20 | D10: 1 | E10: 0.65 | F10: 0.65 | G10: 7.7
A11: 4 | B11: Regulatory Compliance | C11: 15 | D11: 1 | E11: 0.82 | F11: 0.82 | G11: 11.1
A12: 5 | B12: Informal Sector Integration | C12: 10 | D12: 1 | E12: 0.55 | F12: 0.55 | G12: 3.1
A13: 6 | B13: Environmental & Health Safeguards | C13: 10 | D13: 1 | E13: 0.84 | F13: 0.84 | G13: 7
A14: 7 | B14: Awareness & Outreach | C14: 10 | D14: 40 | E14: 34 | F14: 0.85 | G14: 5.1
B15: TOTAL SCORE | C15: 100 | G15: 61.4
A18: Score Bands:
A19: 85-100 | B19: Excellent
A20: 65-84 | B20: Good
A21: 45-64 | B21: Needs Improvement
A22: 0-44 | B22: Critical

Sheet 1_Generation_Inventory
A1: Punjab State E-Waste Generation & Inventory
A2: One row per district. Category-wise breakup based on E-Waste (Management) Rules, 2022, Schedule I (simplified). Figures are illustrative estimates (population x assumed 1.05 kg/capita/yr) - replace with verified PPCB / district data.
A4: District | B4: Population | C4: IT & Telecom (kg) | D4: Consumer Electrical & Electronics (kg) | E4: Large & Small Equipment (kg) | F4: Lighting Equipment (kg) | G4: Batteries (kg) | H4: Other (kg) | I4: Total Generated (kg) | J4: Date Last Updated
A5: Ludhiana | B5: 3498739 | C5: 1175576 | D5: 881682 | E5: 734735 | F5: 293894 | G5: 367368 | H5: 220421 | I5: 3673676 | J5: 31-03-2026
A6: Amritsar | B6: 2490891 | C6: 836940 | D6: 627705 | E6: 523087 | F6: 209235 | G6: 261544 | H6: 156925 | I6: 2615436 | J6: 31-03-2026
A7: Gurdaspur | B7: 1666549 | C7: 559960 | D7: 419970 | E7: 349975 | F7: 139990 | G7: 174988 | H7: 104993 | I7: 1749876 | J7: 31-03-2026
A8: Jalandhar | B8: 2193590 | C8: 737046 | D8: 552785 | E8: 460654 | F8: 184262 | G8: 230327 | H8: 138196 | I8: 2303270 | J8: 31-03-2026
A9: Patiala | B9: 1895686 | C9: 636950 | D9: 477713 | E9: 398094 | F9: 159238 | G9: 199047 | H9: 119428 | I9: 1990470 | J9: 31-03-2026
A10: Bathinda | B10: 1388525 | C10: 466544 | D10: 349908 | E10: 291590 | F10: 116636 | G10: 145795 | H10: 87478 | I10: 1457951 | J10: 31-03-2026
A11: Hoshiarpur | B11: 1586625 | C11: 533106 | D11: 399829 | E11: 333191 | F11: 133276 | G11: 166596 | H11: 99958 | I11: 1665956 | J11: 31-03-2026
A12: Moga | B12: 995746 | C12: 334571 | D12: 250928 | E12: 209107 | F12: 83643 | G12: 104553 | H12: 62731 | I12: 1045533 | J12: 31-03-2026
A13: Ferozepur | B13: 2029074 | C13: 681769 | D13: 511327 | E13: 426106 | F13: 170442 | G13: 213053 | H13: 127831 | I13: 2130528 | J13: 31-03-2026
A14: Fazilka | B14: 1138352 | C14: 382486 | D14: 286865 | E14: 239054 | F14: 95622 | G14: 119527 | H14: 71716 | I14: 1195270 | J14: 31-03-2026
A15: Sangrur | B15: 1290922 | C15: 433750 | D15: 325312 | E15: 271094 | F15: 108437 | G15: 135547 | H15: 81328 | I15: 1355468 | J15: 31-03-2026
A16: Malerkotla | B16: 364247 | C16: 122387 | D16: 91790 | E16: 76492 | F16: 30597 | G16: 38246 | H16: 22947 | I16: 382459 | J16: 31-03-2026
... A27: Pathankot | B27: 686294 | C27: 230595 | D27: 172946 | E27: 144122 | F27: 57649 | G27: 72061 | H27: 43236 | I27: 720609 | J27: 31-03-2026
A30: STATE TOTAL | B30: =SUM(B5:B27) -> 28939388 | C30: =SUM(C5:C27) -> 9723634 | D30: =SUM(D5:D27) -> 7292725 | E30: =SUM(E5:E27) -> 6077273 | F30: =SUM(F5:F27) -> 2430910 | G30: =SUM(G5:G27) -> 3038637 | H30: =SUM(H5:H27) -> 1823178 | I30: =SUM(I5:I27) -> 30386357

Sheet 2_Collection_Log
A1: Collection Log
A2: One row per district. 'Generated' auto-pulls from Sheet 1 by row position - keep district order identical across sheets.
A4: District | B4: Generated (kg) [from Sheet 1] | C4: Collected (kg) | D4: Registered Collection Centers | E4: EPR Collection Target (kg) | F4: EPR Collection Achieved (kg) | G4: Remarks
A5: Ludhiana | B5: ='1_Generation_Inventory'!I5 -> 3673676 | C5: 2328900 | D5: 11 | E5: 2571573 | F5: 2026143 | G5: Collected via municipal / RWA collection drives, e-waste collection centres and authorised EPR collection points
A6: Amritsar | B6: ='1_Generation_Inventory'!I6 -> 2615436 | C6: 1458108 | D6: 8 | E6: 1830805 | F6: 1268554 | G6: Collected via municipal / RWA collection drives, e-waste collection centres and authorised EPR collection points
A7: Gurdaspur | B7: ='1_Generation_Inventory'!I7 -> 1749876 | C7: 993060 | D7: 5 | E7: 1224913 | F7: 863962 | G7: Collected via municipal / RWA collection drives, e-waste collection centres and authorised EPR collection points
A8: Jalandhar | B8: ='1_Generation_Inventory'!I8 -> 2303270 | C8: 1260628 | D8: 7 | E8: 1612289 | F8: 1096746 | G8: Collected via municipal / RWA collection drives, e-waste collection centres and authorised EPR collection points
A9: Patiala | B9: ='1_Generation_Inventory'!I9 -> 1990470 | C9: 1161732 | D9: 6 | E9: 1393329 | F9: 1010707 | G9: Collected via municipal / RWA collection drives, e-waste collection centres and authorised EPR collection points
A10: Bathinda | B10: ='1_Generation_Inventory'!I10 -> 1457951 | C10: 820345 | D10: 4 | E10: 1020566 | F10: 713700 | G10: Collected via municipal / RWA collection drives, e-waste collection centres and authorised EPR collection points
A11: Hoshiarpur | B11: ='1_Generation_Inventory'!I11 -> 1665956 | C11: 948292 | D11: 5 | E11: 1166169 | F11: 825014 | G11: Collected via municipal / RWA collection drives, e-waste collection centres and authorised EPR collection points
A12: Moga | B12: ='1_Generation_Inventory'!I12 -> 1045533 | C12: 605044 | D12: 3 | E12: 731873 | F12: 526388 | G12: Collected via municipal / RWA collection drives, e-waste collection centres and authorised EPR collection points
A13: Ferozepur | B13: ='1_Generation_Inventory'!I13 -> 2130528 | C13: 1272335 | D13: 6 | E13: 1491370 | F13: 1106931 | G13: Collected via municipal / RWA collection drives, e-waste collection centres and authorised EPR collection points
A14: Fazilka | B14: ='1_Generation_Inventory'!I14 -> 1195270 | C14: 649007 | D14: 4 | E14: 836689 | F14: 564636 | G14: Collected via municipal / RWA collection drives, e-waste collection centres and authorised EPR collection points
A15: Sangrur | B15: ='1_Generation_Inventory'!I15 -> 1355468 | C15: 741256 | D15: 4 | E15: 948828 | F15: 644893 | G15: Collected via municipal / RWA collection drives, e-waste collection centres and authorised EPR collection points
A16: Malerkotla | B16: ='1_Generation_Inventory'!I16 -> 382459 | C16: 214382 | D16: 1 | E16: 267721 | F16: 186512 | G16: Collected via municipal / RWA collection drives, e-waste collection centres and authorised EPR collection points
... A27: Pathankot | B27: ='1_Generation_Inventory'!I27 -> 720609 | C27: 424457 | D27: 2 | E27: 504426 | F27: 369278 | G27: Collected via municipal / RWA collection drives, e-waste collection centres and authorised EPR collection points
A30: STATE TOTAL | B30: =SUM(B5:B27) -> 30386357 | C30: =SUM(C5:C27) -> 17422920 | D30: =SUM(D5:D27) -> 91 | E30: =SUM(E5:E27) -> 21270450 | F30: =SUM(F5:F27) -> 15157940

Sheet 3_Recycling_Infrastructure
A1: Formal Recycling & Treatment Infrastructure
A2: One row per district. 'Collected' auto-pulls from Sheet 2 by row position.
A4: District | B4: Collected (kg) [from Sheet 2] | C4: Processed by Authorized Recyclers (kg) | D4: Installed Recycling Capacity (kg/year) | E4: Material Recovered (kg) | F4: Remarks
A5: Ludhiana | B5: ='2_Collection_Log'!C5 -> 2328900 | C5: 351887 | D5: 555491 | E5: 213673 | F5: Processed through CPCB-authorized dismantlers/recyclers registered under EPR portal
A6: Amritsar | B6: ='2_Collection_Log'!C6 -> 1458108 | C6: 202020 | D6: 231991 | E6: 140217 | F6: Processed through CPCB-authorized dismantlers/recyclers registered under EPR portal
A7: Gurdaspur | B7: ='2_Collection_Log'!C7 -> 993060 | C7: 239074 | D7: 359463 | E7: 161149 | F7: Processed through CPCB-authorized dismantlers/recyclers registered under EPR portal
A8: Jalandhar | B8: ='2_Collection_Log'!C8 -> 1260628 | C8: 286472 | D8: 454504 | E8: 175994 | F8: Processed through CPCB-authorized dismantlers/recyclers registered under EPR portal
A9: Patiala | B9: ='2_Collection_Log'!C9 -> 1161732 | C9: 267672 | D9: 405443 | E9: 175365 | F9: Processed through CPCB-authorized dismantlers/recyclers registered under EPR portal
A10: Bathinda | B10: ='2_Collection_Log'!C10 -> 820345 | C10: 239821 | D10: 333034 | E10: 160627 | F10: Processed through CPCB-authorized dismantlers/recyclers registered under EPR portal
A11: Hoshiarpur | B11: ='2_Collection_Log'!C11 -> 948292 | C11: 122486 | D11: 148692 | E11: 73393 | F11: Processed through CPCB-authorized dismantlers/recyclers registered under EPR portal
A12: Moga | B12: ='2_Collection_Log'!C12 -> 605044 | C12: 82261 | D12: 100062 | E12: 46656 | F12: Processed through CPCB-authorized dismantlers/recyclers registered under EPR portal
A13: Ferozepur | B13: ='2_Collection_Log'!C13 -> 1272335 | C13: 223415 | D13: 316767 | E13: 136735 | F13: Processed through CPCB-authorized dismantlers/recyclers registered under EPR portal
A14: Fazilka | B14: ='2_Collection_Log'!C14 -> 649007 | C14: 125931 | D14: 151716 | E14: 74978 | F14: Processed through CPCB-authorized dismantlers/recyclers registered under EPR portal
A15: Sangrur | B15: ='2_Collection_Log'!C15 -> 741256 | C15: 227811 | D15: 324407 | E15: 148886 | F15: Processed through CPCB-authorized dismantlers/recyclers registered under EPR portal
A16: Malerkotla | B16: ='2_Collection_Log'!C16 -> 214382 | C16: 33064 | D16: 48424 | E16: 19104 | F16: Processed through CPCB-authorized dismantlers/recyclers registered under EPR portal
... A27: Pathankot | B27: ='2_Collection_Log'!C27 -> 424457 | C27: 54935 | D27: 63440 | E27: 36074 | F27: Processed through CPCB-authorized dismantlers/recyclers registered under EPR portal
A30: STATE TOTAL | B30: =SUM(B5:B27) -> 17422920 | C30: =SUM(C5:C27) -> 3585804 | D30: =SUM(D5:D27) -> 5003944 | E30: =SUM(E5:E27) -> 2264267

Sheet 4_Compliance_Tracker
A1: Compliance Tracker
A2: One row per registered producer / EPR entity operating in the state.
A4: Producer / EPR Entity | B4: EPR Registration No. | C4: Compliance Status | D4: Inspection Planned (Y/N) | E4: Inspection Conducted (Y/N) | F4: Penalty / Show-Cause Issued (Y/N) | G4: Penalty Resolved (Y/N) | H4: Remarks
A5: Registered Producer / EPR Entity 1 | B5: EPR/2024/PB/001 | C5: Compliant | D5: Yes | E5: Yes | F5: No | G5: N/A | H5: Annual EPR recycling target met
A6: Registered Producer / EPR Entity 2 | B6: EPR/2024/PB/002 | C6: Compliant | D6: Yes | E6: Yes | F6: No | G6: N/A | H6: Target met via authorised recycler tie-up
A7: Registered Producer / EPR Entity 3 | B7: EPR/2024/PB/003 | C7: Partially Compliant | D7: Yes | E7: Yes | F7: Yes | G7: No | H7: EPR target under-achieved; show-cause issued
A8: Registered Producer / EPR Entity 4 | B8: EPR/2024/PB/004 | C8: Compliant | D8: Yes | E8: Yes | F8: No | G8: N/A | H8: Target met
A9: Registered Producer / EPR Entity 5 | B9: EPR/2024/PB/005 | C9: Non-Compliant | D9: Yes | E9: Yes | F9: Yes | G9: No | H9: Penalty proceedings ongoing
A10: Registered Producer / EPR Entity 6 | B10: EPR/2024/PB/006 | C10: Compliant | D10: Yes | E10: No | F10: No | G10: N/A | H10: Inspection pending, self-reported compliant
A11: Registered Producer / EPR Entity 7 | B11: EPR/2024/PB/007 | C11: Compliant | D11: Yes | E11: Yes | F11: No | G11: N/A | H11: Target met
A12: Registered Producer / EPR Entity 8 | B12: EPR/2024/PB/008 | C12: Non-Compliant | D12: Yes | E12: Yes | F12: Yes | G12: No | H12: Registration lapsed; show-cause issued
A13: Registered Producer / EPR Entity 9 | B13: EPR/2024/PB/009 | C13: Compliant | D13: No | E13: No | F13: No | G13: N/A | H13: Not yet inspected this cycle
A14: Registered Producer / EPR Entity 10 | B14: EPR/2024/PB/010 | C14: Compliant | D14: Yes | E14: Yes | F14: No | G14: N/A | H14: Target met
A15: Registered Producer / EPR Entity 11 | B15: EPR/2024/PB/011 | C15: Partially Compliant | D15: Yes | E15: Yes | F15: Yes | G15: No | H15: Partial EPR target achievement
... A19: Registered Producer / EPR Entity 15 | B19: EPR/2024/PB/015 | C19: Compliant | D19: Yes | E19: Yes | F19: No | G19: N/A | H19: Target met
A22: Compliant | B22: =COUNTIF(C5:C19,"Compliant") -> 10
A23: Total Registered | B23: =COUNTA(A5:A19) -> 15
A24: Inspections Planned | B24: =COUNTIF(D5:D19,"Yes") -> 14
A25: Inspections Conducted | B25: =COUNTIF(E5:E19,"Yes") -> 12
A26: Penalties Issued | B26: =COUNTIF(F5:F19,"Yes") -> 5
A27: Penalties Resolved | B27: =COUNTIF(G5:G19,"Yes") -> 0

Sheet 5_Informal_Sector_Hotspots
A1: Informal Sector Hotspots
A2: One row per known informal e-waste recycling hotspot/cluster in the state.
A4: Hotspot / Informal Cluster Name | B4: District | C4: Status | D4: Estimated Informal Workers | E4: Workers Registered / Trained | F4: Formalization Action Taken | G4: Remarks
A5: Informal E-Waste Cluster - Site 1 | B5: Ludhiana | C5: Partially Formalized | D5: 210 | E5: 65 | F5: Registered as collection point; workers trained under skill program | G5: Remediation ongoing
A6: Informal E-Waste Cluster - Site 2 | B6: Amritsar | C6: Not Formalized | D6: 140 | E6: 10 | F6: Initial survey conducted | G6: Formalization action pending
A7: Informal E-Waste Cluster - Site 3 | B7: Jalandhar | C7: Partially Formalized | D7: 160 | E7: 45 | F7: Awareness + registration drive conducted | G7: Monitoring ongoing
A8: Informal E-Waste Cluster - Site 4 | B8: Moga | C8: Not Formalized | D8: 90 | E8: 0 | F8: Site identified, action plan pending | G8: Not yet started
A9: Informal E-Waste Cluster - Site 5 | B9: Bathinda | C9: Not Formalized | D9: 75 | E9: 8 | F9: Preliminary outreach conducted | G9: Formalization action pending
A10: Informal E-Waste Cluster - Site 6 | B10: Sangrur | C10: Partially Formalized | D10: 100 | E10: 30 | F10: Skill training conducted for scrap workers | G10: Remediation ongoing
A11: Informal E-Waste Cluster - Site 7 | B11: Patiala | C11: Formalized | D11: 55 | E11: 55 | F11: Fully integrated into authorised collection network | G11: Completed
A12: Informal E-Waste Cluster - Site 8 | B12: Ferozepur | C12: Not Formalized | D12: 85 | E12: 5 | F12: Site mapping in progress | G12: Formalization action pending
A15: Total Hotspots | B15: =COUNTA(A5:A12) -> 8
A16: Formalized/Remediated | B16: =COUNTIF(C5:C12,"Formalized") -> 1
A17: Estimated Workers (Total) | B17: =SUM(D5:D12) -> 915
A18: Workers Registered/Trained (Total) | B18: =SUM(E5:E12) -> 218

Sheet 6_Env_Health_Monitoring
A1: Env Health Monitoring
A2: One row per environmental monitoring visit or health camp conducted at a hotspot.
A4: Site / Hotspot Monitored | B4: District | C4: Monitoring Type | D4: Date | E4: Result | F4: Health Camp Conducted (Y/N) | G4: Beneficiaries Screened | H4: Remarks
A5: Informal E-Waste Cluster - Site 1 | B5: Ludhiana | C5: Soil + Water | D5: 10-05-2026 | E5: Exceeds Limit (Pb, Cd) | F5: Yes | G5: 240 | H5: Follow-up remediation plan submitted to PPCB
A6: Informal E-Waste Cluster - Site 2 | B6: Amritsar | C6: Soil | D6: 14-05-2026 | E6: Exceeds Limit (Pb) | F6: No | G6: 0 | H6: Health camp scheduled next quarter
A7: Informal E-Waste Cluster - Site 3 | B7: Jalandhar | C7: Water | D7: 18-05-2026 | E7: Within Limit | F7: Yes | G7: 160 | H7: Routine monitoring, no major concern
A8: Informal E-Waste Cluster - Site 4 | B8: Moga | C8: Soil + Water | D8: 22-05-2026 | E8: Exceeds Limit (Hg) | F8: No | G8: 0 | H8: Site not yet formalized; camp pending
A9: Informal E-Waste Cluster - Site 5 | B9: Bathinda | C9: Air + Soil | D9: 27-05-2026 | E9: Exceeds Limit (particulate matter) | F9: Yes | G9: 130 | H9: Follow-up remediation planned
A10: Informal E-Waste Cluster - Site 6 | B10: Sangrur | C10: Soil | D10: 01-06-2026 | E10: Within Limit | F10: Yes | G10: 110 | H10: Routine monitoring, no major concern
A11: Informal E-Waste Cluster - Site 7 | B11: Patiala | C11: Soil + Water | D11: 05-06-2026 | E11: Within Limit | F11: Yes | G11: 90 | H11: Site fully formalized, monitoring for compliance
A12: Informal E-Waste Cluster - Site 8 | B12: Ferozepur | C12: Water | D12: 10-06-2026 | E12: Exceeds Limit (Cd) | F12: No | G12: 0 | H12: Health camp scheduled next quarter
A15: Distinct Sites Monitored | B15: =COUNTA(A5:A12) -> 8
A16: Health Camps Conducted | B16: =COUNTIF(F5:F12,"Yes") -> 5
A17: Total Beneficiaries Screened | B17: =SUM(G5:G12) -> 730

Sheet 7_Awareness_Programs
A1: Awareness Programs
A2: One row per awareness campaign, take-back scheme promotion, or collection drive conducted.
A4: Program Name | B4: District | C4: Date | D4: Type | E4: Target Audience | F4: Participants Reached
A5: Statewide E-Waste Buyback Campaign | B5: Statewide (launched Ludhiana) | C5: 15-07-2025 | D5: Household E-Waste Buyback / Collection Drive | E5: General public / households (statewide) | F5: 4200
A6: E-Waste Awareness Drive - Schools | B6: Amritsar | C6: 18-04-2026 | D6: School Collection Drive | E6: Students, Grades 6-10 | F6: 950
A7: Community E-Waste Collection Drive | B7: Jalandhar | C7: 22-04-2026 | D7: RWA/Community Drive | E7: Residents' Welfare Associations | F7: 600
A8: Digital Punjab Week E-Waste Awareness | B8: Ludhiana | C8: 05-05-2026 | D8: Public Awareness Campaign | E8: General public | F8: 1100
A9: College Campus E-Waste Collection | B9: Patiala | C9: 12-05-2026 | D9: School Collection Drive | E9: College students | F9: 480
A10: Kisan Mela E-Waste Awareness Stall | B10: Sangrur | C10: 20-05-2026 | D10: Public Awareness Campaign | E10: Farmers / rural households | F10: 700
A11: Industrial Cluster EPR Sensitization | B11: Mohali | C11: 02-06-2026 | D11: Producer/EPR Sensitization | E11: IT & electronics manufacturers | F11: 150
A12: Border Belt E-Waste Collection Drive | B12: Ferozepur | C12: 14-06-2026 | D12: RWA/Community Drive | E12: General public / households | F12: 380
A15: Total Programs Conducted | B15: =COUNTA(A5:A12) -> 8
A16: Collection Drives (School+RWA) | B16: =COUNTIF(D5:D12,"School Collection Drive")+COUNTIF(D5:D12,"RWA/Community Drive") -> 4
A17: Total Participants Reached | B17: =SUM(F5:F12) -> 8560

Sheet Methodology
A1: Punjab State E-Waste Management Tracker - Scoring Methodology
A3: A 100-point scorecard for monitoring state-level e-waste generation, collection, formal treatment, compliance, and health/environmental safeguards, in line with the E-Waste (Management) Rules, 2022 (CPCB, India).
A5: # | B5: Category | C5: Weight | D5: Indicators (data source sheet)
A6: 1 | B6: Generation & Inventory | C6: 15 | D6: District reporting completeness (all 23 districts updated) -> '1_Generation_Inventory'
A7: 2 | B7: Collection Performance | C7: 20 | D7: Collection rate (% of generated e-waste collected) -> '2_Collection_Log'
A8: 3 | B8: Formal Recycling & Treatment | C8: 20 | D8: % of generated e-waste processed by CPCB-authorized recyclers -> '3_Recycling_Infrastructure'
A9: 4 | B9: Regulatory Compliance | C9: 15 | D9: % of registered producers/EPR entities fully compliant -> '4_Compliance_Tracker'
A10: 5 | B10: Informal Sector Integration | C10: 10 | D10: % of estimated informal workers registered/trained -> '5_Informal_Sector_Hotspots'
A11: 6 | B11: Environmental & Health Safeguards | C11: 10 | D11: % of monitored hotspots where a health screening camp was conducted -> '6_Env_Health_Monitoring'
A12: 7 | B12: Awareness & Outreach | C12: 10 | D12: Awareness campaigns / collection drives conducted vs target -> '7_Awareness_Programs'
B13: TOTAL | C13: 100
A16: How to use this workbook
A17: - Enter data in the 7 numbered sheets (yellow cells = your input / key input fields). Each sheet's rows can be edited, added to, or replaced with verified district/producer data.
A18: - Set your benchmarks/targets on the '0_Scorecard' sheet (yellow cells) - e.g. collection rate target, recycling target, EPR compliance target, awareness campaign target.
A19: - The '0_Scorecard' sheet pulls live figures from all 7 sheets and computes the state's score out of 100 automatically. Do not overwrite formula cells (black text).
A20: - Score bands (customisable on Scorecard): 85-100 Excellent | 65-84 Good | 45-64 Needs Improvement | Below 45 Critical.
A21: - Re-run this tracker every quarter/year to monitor trend - copy the Scorecard total into a tracking log for year-on-year comparison.
A22: - All figures in this workbook are ILLUSTRATIVE placeholders generated for template/demonstration purposes (population-based estimates and sample entries). Replace with verified data from the Punjab Pollution Control Board (PPCB), CPCB EPR portal, and district reports before using for actual policy reporting.
